{"train_acc": 0.9292929292929293, "val_acc": 0.8, "train_loss": 0.07070707070707072, "val_loss": 0.19999999999999996}